timestamp,id,key,project_id,project_key,parent_id,parent_key,type_id,type_name,status_id,status_name
2022-03-15T10:24:30.301-0400,15787,GOD-184,10081,GOD,15587,GOD-109,10260,Sous-tâche,10265,To Do
2022-03-15T10:18:35.391-0400,15786,GOD-183,10081,GOD,15524,GOD-72,10260,Sous-tâche,10265,To Do
2022-03-02T10:20:27.534-0500,15738,GOD-182,10081,GOD,15418,GOD-26,10256,Story,10265,To Do
2022-03-16T09:30:57.528-0400,15738,GOD-182,10081,GOD,15418,GOD-26,10256,Story,10267,Done
2022-03-15T15:51:02.396-0400,15738,GOD-182,10081,GOD,15418,GOD-26,10256,Story,10266,In Progress
2022-03-15T15:51:00.401-0400,15738,GOD-182,10081,GOD,15418,GOD-26,10256,Story,10267,Done
2022-03-02T16:45:56.988-0500,15738,GOD-182,10081,GOD,15418,GOD-26,10256,Story,10266,In Progress
2022-03-01T16:51:58.334-0500,15737,GOD-181,10081,GOD,15729,GOD-173,10256,Story,10265,To Do
2022-03-02T11:51:34.192-0500,15737,GOD-181,10081,GOD,15729,GOD-173,10256,Story,10266,In Progress
2022-03-01T16:51:45.228-0500,15736,GOD-180,10081,GOD,15729,GOD-173,10256,Story,10265,To Do
2022-03-02T11:51:19.718-0500,15736,GOD-180,10081,GOD,15729,GOD-173,10256,Story,10266,In Progress
2022-03-01T16:51:31.621-0500,15735,GOD-179,10081,GOD,15729,GOD-173,10256,Story,10265,To Do
2022-03-02T11:51:16.201-0500,15735,GOD-179,10081,GOD,15729,GOD-173,10256,Story,10266,In Progress
2022-03-01T16:50:52.379-0500,15734,GOD-178,10081,GOD,15729,GOD-173,10256,Story,10265,To Do
2022-03-02T11:51:29.838-0500,15734,GOD-178,10081,GOD,15729,GOD-173,10256,Story,10266,In Progress
2022-03-01T16:50:13.874-0500,15733,GOD-177,10081,GOD,15729,GOD-173,10256,Story,10265,To Do
2022-03-02T11:51:08.602-0500,15733,GOD-177,10081,GOD,15729,GOD-173,10256,Story,10266,In Progress
2022-03-01T16:49:51.562-0500,15732,GOD-176,10081,GOD,15729,GOD-173,10256,Story,10265,To Do
2022-03-02T11:51:02.427-0500,15732,GOD-176,10081,GOD,15729,GOD-173,10256,Story,10266,In Progress
2022-03-01T16:49:13.101-0500,15731,GOD-175,10081,GOD,15729,GOD-173,10256,Story,10265,To Do
2022-03-02T11:50:59.785-0500,15731,GOD-175,10081,GOD,15729,GOD-173,10256,Story,10266,In Progress
2022-03-01T16:48:42.533-0500,15730,GOD-174,10081,GOD,15729,GOD-173,10256,Story,10265,To Do
2022-03-02T11:50:45.632-0500,15730,GOD-174,10081,GOD,15729,GOD-173,10256,Story,10266,In Progress
2022-02-28T16:56:35.476-0500,15729,GOD-173,10081,GOD,null,null,10259,Epic,10265,To Do
2022-03-02T11:47:54.059-0500,15729,GOD-173,10081,GOD,null,null,10259,Epic,10266,In Progress
2022-02-28T09:09:35.494-0500,15725,GOD-172,10081,GOD,15535,GOD-83,10260,Sous-tâche,10265,To Do
2022-03-04T15:59:43.737-0500,15725,GOD-172,10081,GOD,15535,GOD-83,10260,Sous-tâche,10267,Done
2022-02-28T09:09:41.808-0500,15725,GOD-172,10081,GOD,15535,GOD-83,10260,Sous-tâche,10266,In Progress
2022-02-28T09:07:41.309-0500,15724,GOD-171,10081,GOD,15535,GOD-83,10260,Sous-tâche,10265,To Do
2022-03-04T15:59:41.523-0500,15724,GOD-171,10081,GOD,15535,GOD-83,10260,Sous-tâche,10267,Done
2022-02-28T09:09:40.528-0500,15724,GOD-171,10081,GOD,15535,GOD-83,10260,Sous-tâche,10266,In Progress
2022-02-28T09:07:32.619-0500,15723,GOD-170,10081,GOD,15535,GOD-83,10260,Sous-tâche,10265,To Do
2022-03-04T15:59:32.530-0500,15723,GOD-170,10081,GOD,15535,GOD-83,10260,Sous-tâche,10267,Done
2022-02-28T09:09:38.932-0500,15723,GOD-170,10081,GOD,15535,GOD-83,10260,Sous-tâche,10266,In Progress
2022-02-25T13:37:25.960-0500,15720,GOD-169,10081,GOD,15418,GOD-26,10256,Story,10265,To Do
2022-03-08T08:26:39.804-0500,15720,GOD-169,10081,GOD,15418,GOD-26,10256,Story,10267,Done
2022-02-25T14:55:30.808-0500,15720,GOD-169,10081,GOD,15418,GOD-26,10256,Story,10266,In Progress
2022-02-25T14:36:39.036-0500,15720,GOD-169,10081,GOD,15418,GOD-26,10256,Story,10265,To Do
2022-02-25T14:31:05.310-0500,15720,GOD-169,10081,GOD,15418,GOD-26,10256,Story,10266,In Progress
2022-02-23T12:05:48.916-0500,15717,GOD-168,10081,GOD,15535,GOD-83,10260,Sous-tâche,10265,To Do
2022-03-07T15:41:31.568-0500,15717,GOD-168,10081,GOD,15535,GOD-83,10260,Sous-tâche,10267,Done
2022-02-23T12:05:57.994-0500,15717,GOD-168,10081,GOD,15535,GOD-83,10260,Sous-tâche,10266,In Progress
2022-02-23T12:05:42.472-0500,15716,GOD-167,10081,GOD,15535,GOD-83,10260,Sous-tâche,10265,To Do
2022-03-07T15:41:34.402-0500,15716,GOD-167,10081,GOD,15535,GOD-83,10260,Sous-tâche,10267,Done
2022-02-28T09:07:27.522-0500,15716,GOD-167,10081,GOD,15535,GOD-83,10260,Sous-tâche,10266,In Progress
2022-02-24T16:14:12.736-0500,15716,GOD-167,10081,GOD,15535,GOD-83,10260,Sous-tâche,10267,Done
2022-02-23T12:05:51.588-0500,15716,GOD-167,10081,GOD,15535,GOD-83,10260,Sous-tâche,10266,In Progress
2022-02-22T15:33:16.184-0500,15714,GOD-166,10081,GOD,15710,GOD-162,10260,Sous-tâche,10265,To Do
2022-03-15T09:45:33.929-0400,15714,GOD-166,10081,GOD,15710,GOD-162,10260,Sous-tâche,10266,In Progress
2022-02-22T15:33:07.914-0500,15713,GOD-165,10081,GOD,15710,GOD-162,10260,Sous-tâche,10265,To Do
2022-03-15T09:45:29.579-0400,15713,GOD-165,10081,GOD,15710,GOD-162,10260,Sous-tâche,10267,Done
2022-02-22T15:33:02.349-0500,15712,GOD-164,10081,GOD,15710,GOD-162,10260,Sous-tâche,10265,To Do
2022-03-15T09:45:03.678-0400,15712,GOD-164,10081,GOD,15710,GOD-162,10260,Sous-tâche,10267,Done
2022-02-22T15:32:56.636-0500,15711,GOD-163,10081,GOD,15710,GOD-162,10260,Sous-tâche,10265,To Do
2022-03-15T09:44:56.696-0400,15711,GOD-163,10081,GOD,15710,GOD-162,10260,Sous-tâche,10267,Done
2022-02-22T15:32:23.423-0500,15710,GOD-162,10081,GOD,15418,GOD-26,10256,Story,10265,To Do
2022-03-16T09:59:17.327-0400,15710,GOD-162,10081,GOD,15418,GOD-26,10256,Story,10267,Done
2022-03-16T09:59:02.472-0400,15710,GOD-162,10081,GOD,15418,GOD-26,10256,Story,10266,In Progress
2022-03-15T15:50:57.621-0400,15710,GOD-162,10081,GOD,15418,GOD-26,10256,Story,10267,Done
2022-03-15T15:50:55.954-0400,15710,GOD-162,10081,GOD,15418,GOD-26,10256,Story,10267,Done
2022-03-10T14:26:23.074-0500,15710,GOD-162,10081,GOD,15418,GOD-26,10256,Story,10266,In Progress
2022-02-25T14:30:29.252-0500,15710,GOD-162,10081,GOD,15418,GOD-26,10256,Story,10265,To Do
2022-02-25T11:33:39.580-0500,15710,GOD-162,10081,GOD,15418,GOD-26,10256,Story,10266,In Progress
2022-02-22T15:31:49.361-0500,15709,GOD-161,10081,GOD,15705,GOD-157,10260,Sous-tâche,10265,To Do
2022-02-22T15:31:23.268-0500,15708,GOD-160,10081,GOD,15705,GOD-157,10260,Sous-tâche,10265,To Do
2022-02-22T15:30:56.985-0500,15707,GOD-159,10081,GOD,15705,GOD-157,10260,Sous-tâche,10265,To Do
2022-02-22T15:30:45.792-0500,15706,GOD-158,10081,GOD,15705,GOD-157,10260,Sous-tâche,10265,To Do
2022-02-22T15:30:27.598-0500,15705,GOD-157,10081,GOD,15418,GOD-26,10256,Story,10265,To Do
2022-03-15T11:15:26.651-0400,15705,GOD-157,10081,GOD,15418,GOD-26,10256,Story,10266,In Progress
2022-02-25T14:31:02.983-0500,15705,GOD-157,10081,GOD,15418,GOD-26,10256,Story,10265,To Do
2022-02-25T14:30:32.029-0500,15705,GOD-157,10081,GOD,15418,GOD-26,10256,Story,10266,In Progress
2022-02-22T15:21:05.491-0500,15699,GOD-151,10081,GOD,15517,GOD-65,10260,Sous-tâche,10265,To Do
2022-03-15T09:44:04.406-0400,15699,GOD-151,10081,GOD,15517,GOD-65,10260,Sous-tâche,10267,Done
2022-02-22T15:19:31.996-0500,15698,GOD-150,10081,GOD,15517,GOD-65,10260,Sous-tâche,10265,To Do
2022-02-22T15:18:15.731-0500,15697,GOD-149,10081,GOD,15517,GOD-65,10260,Sous-tâche,10265,To Do
2022-02-22T15:17:27.818-0500,15695,GOD-147,10081,GOD,15517,GOD-65,10260,Sous-tâche,10265,To Do
2022-03-15T09:39:23.844-0400,15695,GOD-147,10081,GOD,15517,GOD-65,10260,Sous-tâche,10267,Done
2022-02-22T15:12:33.603-0500,15694,GOD-146,10081,GOD,15517,GOD-65,10260,Sous-tâche,10265,To Do
2022-03-15T09:38:59.679-0400,15694,GOD-146,10081,GOD,15517,GOD-65,10260,Sous-tâche,10267,Done
2022-02-08T15:40:34.409-0500,15676,GOD-145,10081,GOD,15529,GOD-77,10256,Story,10265,To Do
2022-02-10T17:49:33.839-0500,15676,GOD-145,10081,GOD,15529,GOD-77,10256,Story,10267,Done
2022-02-10T17:40:45.377-0500,15676,GOD-145,10081,GOD,15529,GOD-77,10256,Story,10266,In Progress
2022-02-08T15:39:27.603-0500,15675,GOD-144,10081,GOD,15529,GOD-77,10256,Story,10265,To Do
2022-02-10T17:40:46.742-0500,15675,GOD-144,10081,GOD,15529,GOD-77,10256,Story,10267,Done
2022-02-10T15:59:54.217-0500,15675,GOD-144,10081,GOD,15529,GOD-77,10256,Story,10266,In Progress
2022-02-08T15:18:51.833-0500,15674,GOD-143,10081,GOD,15524,GOD-72,10260,Sous-tâche,10265,To Do
2022-02-08T15:14:42.542-0500,15673,GOD-142,10081,GOD,15416,GOD-24,10256,Story,10265,To Do
2022-02-23T12:32:29.169-0500,15673,GOD-142,10081,GOD,15416,GOD-24,10256,Story,10267,Done
2022-02-18T08:51:56.408-0500,15673,GOD-142,10081,GOD,15416,GOD-24,10256,Story,10266,In Progress
2022-02-08T15:10:54.152-0500,15672,GOD-141,10081,GOD,15524,GOD-72,10260,Sous-tâche,10265,To Do
2022-02-08T15:11:04.971-0500,15672,GOD-141,10081,GOD,15524,GOD-72,10260,Sous-tâche,10266,In Progress
2022-02-03T10:41:27.484-0500,15665,GOD-140,10081,GOD,null,null,10256,Story,10265,To Do
2022-02-09T12:51:18.752-0500,15665,GOD-140,10081,GOD,null,null,10256,Story,10267,Done
2022-02-03T10:41:36.778-0500,15665,GOD-140,10081,GOD,null,null,10256,Story,10266,In Progress
2022-02-03T10:19:46.861-0500,15664,GOD-139,10081,GOD,15652,GOD-135,10260,Sous-tâche,10265,To Do
2022-02-08T15:07:36.793-0500,15664,GOD-139,10081,GOD,15652,GOD-135,10260,Sous-tâche,10267,Done
2022-02-03T14:32:11.874-0500,15664,GOD-139,10081,GOD,15652,GOD-135,10260,Sous-tâche,10266,In Progress
2022-02-03T10:18:54.392-0500,15663,GOD-138,10081,GOD,15652,GOD-135,10260,Sous-tâche,10265,To Do
2022-02-08T15:07:33.823-0500,15663,GOD-138,10081,GOD,15652,GOD-135,10260,Sous-tâche,10267,Done
2022-02-03T14:32:10.857-0500,15663,GOD-138,10081,GOD,15652,GOD-135,10260,Sous-tâche,10266,In Progress
2022-02-03T10:18:36.986-0500,15662,GOD-137,10081,GOD,15652,GOD-135,10260,Sous-tâche,10265,To Do
2022-02-08T15:07:30.536-0500,15662,GOD-137,10081,GOD,15652,GOD-135,10260,Sous-tâche,10267,Done
2022-02-03T14:32:09.618-0500,15662,GOD-137,10081,GOD,15652,GOD-135,10260,Sous-tâche,10266,In Progress
2022-01-27T15:05:12.489-0500,15656,GOD-136,10081,GOD,15524,GOD-72,10260,Sous-tâche,10265,To Do
2022-02-03T10:04:44.969-0500,15656,GOD-136,10081,GOD,15524,GOD-72,10260,Sous-tâche,10267,Done
2022-01-27T15:09:47.514-0500,15656,GOD-136,10081,GOD,15524,GOD-72,10260,Sous-tâche,10266,In Progress
2022-01-25T10:46:00.574-0500,15652,GOD-135,10081,GOD,15416,GOD-24,10256,Story,10265,To Do
2022-02-08T15:07:42.395-0500,15652,GOD-135,10081,GOD,15416,GOD-24,10256,Story,10267,Done
2022-02-04T10:05:43.110-0500,15652,GOD-135,10081,GOD,15416,GOD-24,10256,Story,10266,In Progress
2022-01-24T10:55:49.284-0500,15650,GOD-134,10081,GOD,15524,GOD-72,10260,Sous-tâche,10265,To Do
2022-01-27T15:09:42.260-0500,15650,GOD-134,10081,GOD,15524,GOD-72,10260,Sous-tâche,10267,Done
2022-01-27T09:43:00.702-0500,15650,GOD-134,10081,GOD,15524,GOD-72,10260,Sous-tâche,10266,In Progress
2022-01-24T10:55:14.384-0500,15649,GOD-133,10081,GOD,15524,GOD-72,10260,Sous-tâche,10265,To Do
2022-01-26T15:19:44.988-0500,15649,GOD-133,10081,GOD,15524,GOD-72,10260,Sous-tâche,10267,Done
2022-01-24T10:55:54.487-0500,15649,GOD-133,10081,GOD,15524,GOD-72,10260,Sous-tâche,10266,In Progress
2022-01-20T11:30:22.506-0500,15637,GOD-132,10081,GOD,15523,GOD-71,10260,Sous-tâche,10265,To Do
2022-01-27T10:06:07.795-0500,15637,GOD-132,10081,GOD,15523,GOD-71,10260,Sous-tâche,10267,Done
2022-01-24T15:31:07.411-0500,15637,GOD-132,10081,GOD,15523,GOD-71,10260,Sous-tâche,10266,In Progress
2022-01-20T11:29:50.996-0500,15636,GOD-131,10081,GOD,15523,GOD-71,10260,Sous-tâche,10265,To Do
2022-02-09T15:08:12.391-0500,15636,GOD-131,10081,GOD,15523,GOD-71,10260,Sous-tâche,10267,Done
2022-01-24T15:30:51.115-0500,15636,GOD-131,10081,GOD,15523,GOD-71,10260,Sous-tâche,10266,In Progress
2022-01-20T11:29:40.885-0500,15635,GOD-130,10081,GOD,15523,GOD-71,10260,Sous-tâche,10265,To Do
2022-01-31T10:13:55.516-0500,15635,GOD-130,10081,GOD,15523,GOD-71,10260,Sous-tâche,10267,Done
2022-01-24T15:31:03.247-0500,15635,GOD-130,10081,GOD,15523,GOD-71,10260,Sous-tâche,10266,In Progress
2022-01-20T11:29:30.402-0500,15634,GOD-129,10081,GOD,15523,GOD-71,10260,Sous-tâche,10265,To Do
2022-01-27T10:06:06.463-0500,15634,GOD-129,10081,GOD,15523,GOD-71,10260,Sous-tâche,10267,Done
2022-01-24T15:30:49.413-0500,15634,GOD-129,10081,GOD,15523,GOD-71,10260,Sous-tâche,10266,In Progress
2022-01-24T15:30:46.430-0500,15634,GOD-129,10081,GOD,15523,GOD-71,10260,Sous-tâche,10267,Done
2022-01-18T10:29:27.992-0500,15627,GOD-128,10081,GOD,15418,GOD-26,10256,Story,10265,To Do
2022-01-13T15:07:11.075-0500,15622,GOD-127,10081,GOD,null,null,10256,Story,10265,To Do
2022-01-20T17:23:31.200-0500,15622,GOD-127,10081,GOD,null,null,10256,Story,10267,Done
2022-01-20T16:45:17.122-0500,15622,GOD-127,10081,GOD,null,null,10256,Story,10266,In Progress
2022-01-20T15:53:01.274-0500,15622,GOD-127,10081,GOD,null,null,10256,Story,10267,Done
2022-01-19T09:13:23.325-0500,15622,GOD-127,10081,GOD,null,null,10256,Story,10266,In Progress
2022-01-14T09:20:07.167-0500,15622,GOD-127,10081,GOD,null,null,10256,Story,10265,To Do
2022-01-13T15:10:12.569-0500,15622,GOD-127,10081,GOD,null,null,10256,Story,10266,In Progress
2022-01-13T15:06:10.994-0500,15621,GOD-126,10081,GOD,null,null,10256,Story,10265,To Do
2022-01-20T15:53:00.213-0500,15621,GOD-126,10081,GOD,null,null,10256,Story,10267,Done
2022-01-17T10:05:04.823-0500,15621,GOD-126,10081,GOD,null,null,10256,Story,10266,In Progress
2022-01-13T11:22:27.880-0500,15620,GOD-125,10081,GOD,15418,GOD-26,10256,Story,10265,To Do
2022-01-18T10:07:01.739-0500,15620,GOD-125,10081,GOD,15418,GOD-26,10256,Story,10267,Done
2022-01-13T11:23:14.137-0500,15620,GOD-125,10081,GOD,15418,GOD-26,10256,Story,10266,In Progress
2022-01-11T15:58:57.863-0500,15614,GOD-124,10081,GOD,15399,GOD-7,10260,Sous-tâche,10265,To Do
2022-01-20T15:59:01.649-0500,15614,GOD-124,10081,GOD,15399,GOD-7,10260,Sous-tâche,10267,Done
2022-01-11T15:58:10.760-0500,15613,GOD-123,10081,GOD,15399,GOD-7,10260,Sous-tâche,10265,To Do
2022-01-11T15:58:21.738-0500,15613,GOD-123,10081,GOD,15399,GOD-7,10260,Sous-tâche,10267,Done
2022-01-11T15:58:19.797-0500,15613,GOD-123,10081,GOD,15399,GOD-7,10260,Sous-tâche,10266,In Progress
2022-01-11T10:22:10.383-0500,15612,GOD-122,10081,GOD,15418,GOD-26,10256,Story,10265,To Do
2022-01-21T13:35:44.977-0500,15612,GOD-122,10081,GOD,15418,GOD-26,10256,Story,10267,Done
2022-01-21T13:26:41.531-0500,15612,GOD-122,10081,GOD,15418,GOD-26,10256,Story,10266,In Progress
2022-01-19T09:13:13.935-0500,15612,GOD-122,10081,GOD,15418,GOD-26,10256,Story,10267,Done
2022-01-17T10:08:37.315-0500,15612,GOD-122,10081,GOD,15418,GOD-26,10256,Story,10266,In Progress
2022-01-17T10:05:06.823-0500,15612,GOD-122,10081,GOD,15418,GOD-26,10256,Story,10265,To Do
2022-01-14T09:20:03.909-0500,15612,GOD-122,10081,GOD,15418,GOD-26,10256,Story,10266,In Progress
2022-01-13T15:09:58.935-0500,15612,GOD-122,10081,GOD,15418,GOD-26,10256,Story,10267,Done
2022-01-11T10:23:42.111-0500,15612,GOD-122,10081,GOD,15418,GOD-26,10256,Story,10266,In Progress
2022-01-10T11:21:59.772-0500,15606,GOD-121,10081,GOD,15529,GOD-77,10256,Story,10265,To Do
2022-01-11T10:09:04.573-0500,15606,GOD-121,10081,GOD,15529,GOD-77,10256,Story,10267,Done
2022-01-10T11:26:24.563-0500,15606,GOD-121,10081,GOD,15529,GOD-77,10256,Story,10266,In Progress
2022-01-06T17:35:22.983-0500,15599,GOD-119,10081,GOD,null,null,10256,Story,10265,To Do
2022-01-07T17:09:27.497-0500,15599,GOD-119,10081,GOD,null,null,10256,Story,10267,Done
2022-01-06T17:36:23.965-0500,15599,GOD-119,10081,GOD,null,null,10256,Story,10266,In Progress
2022-01-05T15:44:49.294-0500,15596,GOD-118,10081,GOD,15590,GOD-112,10256,Story,10265,To Do
2022-01-05T15:31:07.611-0500,15595,GOD-117,10081,GOD,15588,GOD-110,10256,Story,10265,To Do
2022-01-05T15:29:33.325-0500,15594,GOD-116,10081,GOD,15588,GOD-110,10256,Story,10265,To Do
2022-01-05T15:27:48.140-0500,15593,GOD-115,10081,GOD,15588,GOD-110,10256,Story,10265,To Do
2022-01-05T15:26:52.260-0500,15592,GOD-114,10081,GOD,15588,GOD-110,10256,Story,10265,To Do
2022-01-05T15:26:19.806-0500,15591,GOD-113,10081,GOD,15588,GOD-110,10256,Story,10265,To Do
2022-01-05T15:24:51.553-0500,15590,GOD-112,10081,GOD,null,null,10259,Epic,10265,To Do
2022-01-05T15:23:54.097-0500,15588,GOD-110,10081,GOD,null,null,10259,Epic,10265,To Do
2022-01-05T15:23:19.502-0500,15587,GOD-109,10081,GOD,15539,GOD-87,10256,Story,10265,To Do
2022-01-05T15:17:43.697-0500,15586,GOD-108,10081,GOD,15539,GOD-87,10256,Story,10265,To Do
2022-01-05T15:17:06.703-0500,15585,GOD-107,10081,GOD,15539,GOD-87,10256,Story,10265,To Do
2022-01-05T15:16:53.482-0500,15584,GOD-106,10081,GOD,15539,GOD-87,10256,Story,10265,To Do
2022-01-05T13:26:35.381-0500,15583,GOD-105,10081,GOD,15529,GOD-77,10256,Story,10265,To Do
2022-01-07T15:28:02.079-0500,15583,GOD-105,10081,GOD,15529,GOD-77,10256,Story,10267,Done
2022-01-07T13:25:40.649-0500,15583,GOD-105,10081,GOD,15529,GOD-77,10256,Story,10266,In Progress
2022-01-05T13:25:34.942-0500,15582,GOD-104,10081,GOD,15529,GOD-77,10256,Story,10265,To Do
2022-01-07T14:38:43.558-0500,15582,GOD-104,10081,GOD,15529,GOD-77,10256,Story,10267,Done
2022-01-06T10:57:50.650-0500,15582,GOD-104,10081,GOD,15529,GOD-77,10256,Story,10266,In Progress
2022-01-05T11:20:21.523-0500,15581,GOD-103,10081,GOD,null,null,10256,Story,10265,To Do
2022-01-05T11:45:38.581-0500,15581,GOD-103,10081,GOD,null,null,10256,Story,10267,Done
2021-12-17T16:01:57.383-0500,15570,GOD-101,10081,GOD,15518,GOD-66,10260,Sous-tâche,10265,To Do
2021-12-20T16:25:21.821-0500,15570,GOD-101,10081,GOD,15518,GOD-66,10260,Sous-tâche,10267,Done
2021-12-17T16:17:51.935-0500,15570,GOD-101,10081,GOD,15518,GOD-66,10260,Sous-tâche,10266,In Progress
2021-12-17T10:42:02.597-0500,15569,GOD-100,10081,GOD,null,null,10256,Story,10265,To Do
2022-01-03T15:00:02.610-0500,15569,GOD-100,10081,GOD,null,null,10256,Story,10267,Done
2021-12-17T10:42:46.472-0500,15569,GOD-100,10081,GOD,null,null,10256,Story,10266,In Progress
2021-12-17T10:32:52.356-0500,15568,GOD-99,10081,GOD,15518,GOD-66,10260,Sous-tâche,10265,To Do
2021-12-17T16:17:48.433-0500,15568,GOD-99,10081,GOD,15518,GOD-66,10260,Sous-tâche,10267,Done
2021-12-17T10:32:44.254-0500,15567,GOD-98,10081,GOD,15518,GOD-66,10260,Sous-tâche,10265,To Do
2021-12-17T12:26:29.856-0500,15567,GOD-98,10081,GOD,15518,GOD-66,10260,Sous-tâche,10267,Done
2021-12-16T09:45:34.669-0500,15560,GOD-97,10081,GOD,15530,GOD-78,10260,Sous-tâche,10265,To Do
2021-12-20T16:24:19.851-0500,15560,GOD-97,10081,GOD,15530,GOD-78,10260,Sous-tâche,10267,Done
2021-12-16T14:30:35.007-0500,15560,GOD-97,10081,GOD,15530,GOD-78,10260,Sous-tâche,10266,In Progress
2021-12-16T13:50:03.630-0500,15560,GOD-97,10081,GOD,15530,GOD-78,10260,Sous-tâche,10267,Done
2021-12-16T09:45:31.703-0500,15559,GOD-96,10081,GOD,15530,GOD-78,10260,Sous-tâche,10265,To Do
2021-12-18T12:49:27.241-0500,15559,GOD-96,10081,GOD,15530,GOD-78,10260,Sous-tâche,10267,Done
2021-12-16T14:30:36.722-0500,15559,GOD-96,10081,GOD,15530,GOD-78,10260,Sous-tâche,10266,In Progress
2021-12-16T13:50:01.582-0500,15559,GOD-96,10081,GOD,15530,GOD-78,10260,Sous-tâche,10267,Done
2021-12-16T09:28:46.834-0500,15558,GOD-95,10081,GOD,15530,GOD-78,10260,Sous-tâche,10265,To Do
2021-12-17T09:07:10.998-0500,15558,GOD-95,10081,GOD,15530,GOD-78,10260,Sous-tâche,10267,Done
2021-12-16T09:29:03.343-0500,15558,GOD-95,10081,GOD,15530,GOD-78,10260,Sous-tâche,10266,In Progress
2021-12-15T15:04:12.691-0500,15556,GOD-94,10081,GOD,15530,GOD-78,10260,Sous-tâche,10265,To Do
2021-12-15T17:02:22.460-0500,15556,GOD-94,10081,GOD,15530,GOD-78,10260,Sous-tâche,10267,Done
2021-12-15T15:04:19.470-0500,15556,GOD-94,10081,GOD,15530,GOD-78,10260,Sous-tâche,10266,In Progress
2021-12-15T10:13:29.779-0500,15552,GOD-93,10081,GOD,15530,GOD-78,10260,Sous-tâche,10265,To Do
2021-12-16T13:49:47.062-0500,15552,GOD-93,10081,GOD,15530,GOD-78,10260,Sous-tâche,10267,Done
2021-12-15T10:13:25.029-0500,15551,GOD-92,10081,GOD,15530,GOD-78,10260,Sous-tâche,10265,To Do
2021-12-16T14:30:51.711-0500,15551,GOD-92,10081,GOD,15530,GOD-78,10260,Sous-tâche,10267,Done
2021-12-16T14:30:32.704-0500,15551,GOD-92,10081,GOD,15530,GOD-78,10260,Sous-tâche,10266,In Progress
2021-12-16T13:49:41.201-0500,15551,GOD-92,10081,GOD,15530,GOD-78,10260,Sous-tâche,10267,Done
2021-12-15T10:23:35.497-0500,15551,GOD-92,10081,GOD,15530,GOD-78,10260,Sous-tâche,10266,In Progress
2021-12-15T10:23:32.117-0500,15551,GOD-92,10081,GOD,15530,GOD-78,10260,Sous-tâche,10267,Done
2021-12-15T10:13:14.106-0500,15550,GOD-91,10081,GOD,15530,GOD-78,10260,Sous-tâche,10265,To Do
2021-12-15T10:47:08.611-0500,15550,GOD-91,10081,GOD,15530,GOD-78,10260,Sous-tâche,10267,Done
2021-12-15T10:16:08.193-0500,15550,GOD-91,10081,GOD,15530,GOD-78,10260,Sous-tâche,10266,In Progress
2021-12-15T10:12:31.584-0500,15549,GOD-90,10081,GOD,15530,GOD-78,10260,Sous-tâche,10265,To Do
2021-12-15T10:49:36.015-0500,15549,GOD-90,10081,GOD,15530,GOD-78,10260,Sous-tâche,10267,Done
2021-12-10T14:34:21.529-0500,15541,GOD-89,10081,GOD,15529,GOD-77,10256,Story,10265,To Do
2021-12-10T14:34:09.760-0500,15540,GOD-88,10081,GOD,15529,GOD-77,10256,Story,10265,To Do
2021-12-10T14:27:58.616-0500,15539,GOD-87,10081,GOD,null,null,10259,Epic,10265,To Do
2021-12-10T14:23:16.117-0500,15538,GOD-86,10081,GOD,15539,GOD-87,10256,Story,10265,To Do
2022-01-05T11:41:49.203-0500,15538,GOD-86,10081,GOD,15539,GOD-87,10256,Story,10266,In Progress
2021-12-10T14:22:59.349-0500,15537,GOD-85,10081,GOD,15539,GOD-87,10256,Story,10265,To Do
2022-01-05T11:41:57.944-0500,15537,GOD-85,10081,GOD,15539,GOD-87,10256,Story,10266,In Progress
2021-12-10T14:20:10.458-0500,15536,GOD-84,10081,GOD,15416,GOD-24,10256,Story,10265,To Do
2022-02-03T10:17:18.753-0500,15536,GOD-84,10081,GOD,15416,GOD-24,10256,Story,10267,Done
2022-01-20T13:00:59.361-0500,15536,GOD-84,10081,GOD,15416,GOD-24,10256,Story,10266,In Progress
2022-01-05T11:46:20.945-0500,15536,GOD-84,10081,GOD,15416,GOD-24,10256,Story,10265,To Do
2022-01-05T11:45:56.715-0500,15536,GOD-84,10081,GOD,15416,GOD-24,10256,Story,10266,In Progress
2021-12-10T14:17:46.418-0500,15535,GOD-83,10081,GOD,15416,GOD-24,10256,Story,10265,To Do
2022-03-08T10:06:12.984-0500,15535,GOD-83,10081,GOD,15416,GOD-24,10256,Story,10267,Done
2022-02-11T10:29:21.894-0500,15535,GOD-83,10081,GOD,15416,GOD-24,10256,Story,10266,In Progress
2022-01-05T11:46:19.771-0500,15535,GOD-83,10081,GOD,15416,GOD-24,10256,Story,10265,To Do
2022-01-05T11:46:10.982-0500,15535,GOD-83,10081,GOD,15416,GOD-24,10256,Story,10266,In Progress
2021-12-10T14:17:24.534-0500,15534,GOD-82,10081,GOD,15416,GOD-24,10256,Story,10265,To Do
2022-02-15T10:03:07.651-0500,15534,GOD-82,10081,GOD,15416,GOD-24,10256,Story,10267,Done
2022-02-09T15:12:30.887-0500,15534,GOD-82,10081,GOD,15416,GOD-24,10256,Story,10266,In Progress
2021-12-10T14:11:29.461-0500,15533,GOD-81,10081,GOD,15529,GOD-77,10256,Story,10265,To Do
2021-12-10T15:03:48.720-0500,15533,GOD-81,10081,GOD,15529,GOD-77,10256,Story,10267,Done
2021-12-10T14:10:48.533-0500,15531,GOD-79,10081,GOD,15529,GOD-77,10256,Story,10265,To Do
2022-01-25T10:43:14.150-0500,15531,GOD-79,10081,GOD,15529,GOD-77,10256,Story,10267,Done
2021-12-10T14:10:40.436-0500,15530,GOD-78,10081,GOD,15529,GOD-77,10256,Story,10265,To Do
2022-01-06T10:20:04.436-0500,15530,GOD-78,10081,GOD,15529,GOD-77,10256,Story,10267,Done
2021-12-27T12:22:40.385-0500,15530,GOD-78,10081,GOD,15529,GOD-77,10256,Story,10266,In Progress
2021-12-20T16:28:04.593-0500,15530,GOD-78,10081,GOD,15529,GOD-77,10256,Story,10267,Done
2021-12-14T10:10:59.634-0500,15530,GOD-78,10081,GOD,15529,GOD-77,10256,Story,10266,In Progress
2021-12-13T11:40:11.892-0500,15530,GOD-78,10081,GOD,15529,GOD-77,10256,Story,10265,To Do
2021-12-13T11:40:09.481-0500,15530,GOD-78,10081,GOD,15529,GOD-77,10256,Story,10266,In Progress
2021-12-10T14:10:22.015-0500,15529,GOD-77,10081,GOD,null,null,10259,Epic,10265,To Do
2021-12-10T14:07:38.707-0500,15528,GOD-76,10081,GOD,15520,GOD-68,10260,Sous-tâche,10265,To Do
2022-01-19T08:52:56.020-0500,15528,GOD-76,10081,GOD,15520,GOD-68,10260,Sous-tâche,10267,Done
2022-01-12T09:50:44.720-0500,15528,GOD-76,10081,GOD,15520,GOD-68,10260,Sous-tâche,10266,In Progress
2022-01-11T15:57:24.019-0500,15528,GOD-76,10081,GOD,15520,GOD-68,10260,Sous-tâche,10267,Done
2021-12-10T14:07:21.786-0500,15527,GOD-75,10081,GOD,15520,GOD-68,10260,Sous-tâche,10265,To Do
2022-01-20T10:08:10.030-0500,15527,GOD-75,10081,GOD,15520,GOD-68,10260,Sous-tâche,10267,Done
2022-01-12T09:50:47.932-0500,15527,GOD-75,10081,GOD,15520,GOD-68,10260,Sous-tâche,10266,In Progress
2021-12-10T14:07:10.479-0500,15526,GOD-74,10081,GOD,15520,GOD-68,10260,Sous-tâche,10265,To Do
2022-01-11T09:36:25.079-0500,15526,GOD-74,10081,GOD,15520,GOD-68,10260,Sous-tâche,10267,Done
2022-01-10T15:45:51.421-0500,15526,GOD-74,10081,GOD,15520,GOD-68,10260,Sous-tâche,10266,In Progress
2021-12-10T14:06:51.077-0500,15525,GOD-73,10081,GOD,15520,GOD-68,10260,Sous-tâche,10265,To Do
2022-01-11T09:36:23.688-0500,15525,GOD-73,10081,GOD,15520,GOD-68,10260,Sous-tâche,10267,Done
2022-01-10T15:45:49.762-0500,15525,GOD-73,10081,GOD,15520,GOD-68,10260,Sous-tâche,10266,In Progress
2021-12-10T14:05:14.642-0500,15524,GOD-72,10081,GOD,15418,GOD-26,10256,Story,10265,To Do
2022-01-24T09:26:01.059-0500,15524,GOD-72,10081,GOD,15418,GOD-26,10256,Story,10266,In Progress
2022-01-05T14:24:24.789-0500,15524,GOD-72,10081,GOD,15418,GOD-26,10256,Story,10265,To Do
2022-01-04T10:43:52.779-0500,15524,GOD-72,10081,GOD,15418,GOD-26,10256,Story,10266,In Progress
2021-12-10T14:03:26.754-0500,15523,GOD-71,10081,GOD,15418,GOD-26,10256,Story,10265,To Do
2022-02-09T15:08:18.358-0500,15523,GOD-71,10081,GOD,15418,GOD-26,10256,Story,10267,Done
2022-01-20T14:49:32.015-0500,15523,GOD-71,10081,GOD,15418,GOD-26,10256,Story,10266,In Progress
2022-01-20T14:49:13.239-0500,15523,GOD-71,10081,GOD,15418,GOD-26,10256,Story,10266,In Progress
2021-12-10T14:00:57.090-0500,15522,GOD-70,10081,GOD,15418,GOD-26,10256,Story,10265,To Do
2022-01-11T10:20:51.096-0500,15522,GOD-70,10081,GOD,15418,GOD-26,10256,Story,10267,Done
2022-01-11T10:20:06.722-0500,15522,GOD-70,10081,GOD,15418,GOD-26,10256,Story,10266,In Progress
2021-12-27T12:22:48.506-0500,15522,GOD-70,10081,GOD,15418,GOD-26,10256,Story,10267,Done
2021-12-20T16:28:17.657-0500,15522,GOD-70,10081,GOD,15418,GOD-26,10256,Story,10266,In Progress
2021-12-10T14:00:30.130-0500,15521,GOD-69,10081,GOD,15418,GOD-26,10256,Story,10265,To Do
2022-01-07T17:09:19.045-0500,15521,GOD-69,10081,GOD,15418,GOD-26,10256,Story,10267,Done
2021-12-27T13:24:25.604-0500,15521,GOD-69,10081,GOD,15418,GOD-26,10256,Story,10266,In Progress
2021-12-10T14:00:10.721-0500,15520,GOD-68,10081,GOD,15418,GOD-26,10256,Story,10265,To Do
2022-01-20T14:49:30.613-0500,15520,GOD-68,10081,GOD,15418,GOD-26,10256,Story,10267,Done
2022-01-10T11:00:27.103-0500,15520,GOD-68,10081,GOD,15418,GOD-26,10256,Story,10266,In Progress
2022-01-10T08:37:27.017-0500,15520,GOD-68,10081,GOD,15418,GOD-26,10256,Story,10265,To Do
2022-01-05T11:51:57.004-0500,15520,GOD-68,10081,GOD,15418,GOD-26,10256,Story,10266,In Progress
2021-12-10T13:57:47.440-0500,15518,GOD-66,10081,GOD,15418,GOD-26,10256,Story,10265,To Do
2021-12-20T16:25:29.329-0500,15518,GOD-66,10081,GOD,15418,GOD-26,10256,Story,10267,Done
2021-12-13T10:22:10.218-0500,15518,GOD-66,10081,GOD,15418,GOD-26,10256,Story,10266,In Progress
2021-12-10T13:43:17.832-0500,15517,GOD-65,10081,GOD,15401,GOD-9,10256,Story,10265,To Do
2022-03-08T10:04:14.427-0500,15517,GOD-65,10081,GOD,15401,GOD-9,10256,Story,10266,In Progress
2021-12-10T13:42:30.096-0500,15516,GOD-64,10081,GOD,15401,GOD-9,10256,Story,10265,To Do
2021-12-14T09:56:49.629-0500,15516,GOD-64,10081,GOD,15401,GOD-9,10256,Story,10267,Done
2021-12-13T11:41:22.461-0500,15516,GOD-64,10081,GOD,15401,GOD-9,10256,Story,10266,In Progress
2021-12-13T11:41:20.807-0500,15516,GOD-64,10081,GOD,15401,GOD-9,10256,Story,10265,To Do
2021-12-13T10:27:46.721-0500,15516,GOD-64,10081,GOD,15401,GOD-9,10256,Story,10266,In Progress
2021-12-10T13:42:05.841-0500,15515,GOD-63,10081,GOD,15401,GOD-9,10256,Story,10265,To Do
2022-01-25T10:55:31.380-0500,15515,GOD-63,10081,GOD,15401,GOD-9,10256,Story,10267,Done
2021-11-15T11:37:00.594-0500,15460,GOD-62,10081,GOD,15407,GOD-15,10260,Sous-tâche,10265,To Do
2021-12-10T13:31:31.046-0500,15460,GOD-62,10081,GOD,15407,GOD-15,10260,Sous-tâche,10267,Done
2021-12-03T14:09:41.224-0500,15460,GOD-62,10081,GOD,15407,GOD-15,10260,Sous-tâche,10266,In Progress
2021-11-24T15:12:56.890-0500,15460,GOD-62,10081,GOD,15407,GOD-15,10260,Sous-tâche,10267,Done
2021-11-17T16:53:08.859-0500,15460,GOD-62,10081,GOD,15407,GOD-15,10260,Sous-tâche,10266,In Progress
2021-11-15T11:33:14.742-0500,15459,GOD-61,10081,GOD,15407,GOD-15,10260,Sous-tâche,10265,To Do
2021-11-17T16:53:15.050-0500,15459,GOD-61,10081,GOD,15407,GOD-15,10260,Sous-tâche,10267,Done
2021-11-15T11:36:21.061-0500,15459,GOD-61,10081,GOD,15407,GOD-15,10260,Sous-tâche,10266,In Progress
2021-11-11T17:10:04.324-0500,15456,GOD-60,10081,GOD,15418,GOD-26,10256,Story,10265,To Do
2022-01-26T10:05:13.732-0500,15456,GOD-60,10081,GOD,15418,GOD-26,10256,Story,10267,Done
2021-11-11T17:10:03.797-0500,15455,GOD-59,10081,GOD,15393,GOD-1,10256,Story,10265,To Do
2022-01-25T10:55:05.824-0500,15455,GOD-59,10081,GOD,15393,GOD-1,10256,Story,10267,Done
2021-11-11T17:05:53.176-0500,15453,GOD-57,10081,GOD,15450,GOD-54,10260,Sous-tâche,10265,To Do
2021-12-03T14:11:38.558-0500,15453,GOD-57,10081,GOD,15450,GOD-54,10260,Sous-tâche,10267,Done
2021-11-17T14:02:59.099-0500,15453,GOD-57,10081,GOD,15450,GOD-54,10260,Sous-tâche,10266,In Progress
2021-11-11T17:05:29.377-0500,15452,GOD-56,10081,GOD,15450,GOD-54,10260,Sous-tâche,10265,To Do
2021-12-03T14:11:33.039-0500,15452,GOD-56,10081,GOD,15450,GOD-54,10260,Sous-tâche,10267,Done
2021-11-17T14:03:16.733-0500,15452,GOD-56,10081,GOD,15450,GOD-54,10260,Sous-tâche,10266,In Progress
2021-11-11T17:04:43.352-0500,15451,GOD-55,10081,GOD,15450,GOD-54,10260,Sous-tâche,10265,To Do
2021-12-03T14:11:29.320-0500,15451,GOD-55,10081,GOD,15450,GOD-54,10260,Sous-tâche,10267,Done
2021-11-17T14:02:41.771-0500,15451,GOD-55,10081,GOD,15450,GOD-54,10260,Sous-tâche,10266,In Progress
2021-11-17T14:02:35.511-0500,15451,GOD-55,10081,GOD,15450,GOD-54,10260,Sous-tâche,10266,In Progress
2021-11-11T17:03:36.630-0500,15450,GOD-54,10081,GOD,15396,GOD-4,10256,Story,10265,To Do
2021-12-08T13:08:29.694-0500,15450,GOD-54,10081,GOD,15396,GOD-4,10256,Story,10267,Done
2021-11-11T16:58:29.924-0500,15440,GOD-44,10081,GOD,15393,GOD-1,10256,Story,10265,To Do
2022-01-25T10:53:53.154-0500,15440,GOD-44,10081,GOD,15393,GOD-1,10256,Story,10267,Done
2021-11-11T16:45:11.879-0500,15437,GOD-41,10081,GOD,15435,GOD-39,10256,Story,10265,To Do
2021-12-08T13:09:24.597-0500,15437,GOD-41,10081,GOD,15435,GOD-39,10256,Story,10267,Done
2021-11-11T16:43:53.632-0500,15436,GOD-40,10081,GOD,15435,GOD-39,10256,Story,10265,To Do
2022-01-10T16:45:11.905-0500,15436,GOD-40,10081,GOD,15435,GOD-39,10256,Story,10267,Done
2022-01-05T14:04:13.070-0500,15436,GOD-40,10081,GOD,15435,GOD-39,10256,Story,10266,In Progress
2021-11-11T16:43:07.165-0500,15435,GOD-39,10081,GOD,null,null,10259,Epic,10265,To Do
2022-01-19T09:41:17.168-0500,15435,GOD-39,10081,GOD,null,null,10259,Epic,10267,Done
2021-11-11T15:11:38.734-0500,15424,GOD-30,10081,GOD,15529,GOD-77,10256,Story,10265,To Do
2021-11-11T15:05:34.788-0500,15422,GOD-28,10081,GOD,15393,GOD-1,10256,Story,10265,To Do
2021-12-23T10:58:18.024-0500,15422,GOD-28,10081,GOD,15393,GOD-1,10256,Story,10267,Done
2021-12-21T09:11:25.303-0500,15422,GOD-28,10081,GOD,15393,GOD-1,10256,Story,10266,In Progress
2021-12-10T13:34:40.240-0500,15422,GOD-28,10081,GOD,15393,GOD-1,10256,Story,10265,To Do
2021-11-17T13:59:35.983-0500,15422,GOD-28,10081,GOD,15393,GOD-1,10256,Story,10266,In Progress
2021-11-15T16:54:27.644-0500,15422,GOD-28,10081,GOD,15393,GOD-1,10256,Story,10267,Done
2021-11-15T11:44:59.618-0500,15422,GOD-28,10081,GOD,15393,GOD-1,10256,Story,10266,In Progress
2021-11-11T10:36:20.426-0500,15419,GOD-27,10081,GOD,15393,GOD-1,10256,Story,10265,To Do
2021-11-15T11:39:26.106-0500,15419,GOD-27,10081,GOD,15393,GOD-1,10256,Story,10267,Done
2021-11-15T11:29:21.767-0500,15419,GOD-27,10081,GOD,15393,GOD-1,10256,Story,10266,In Progress
2021-11-11T10:35:08.984-0500,15418,GOD-26,10081,GOD,null,null,10259,Epic,10265,To Do
2021-11-11T10:33:54.146-0500,15416,GOD-24,10081,GOD,null,null,10259,Epic,10265,To Do
2021-11-11T10:27:13.864-0500,15411,GOD-19,10081,GOD,15393,GOD-1,10256,Story,10265,To Do
2021-12-08T13:09:10.846-0500,15411,GOD-19,10081,GOD,15393,GOD-1,10256,Story,10267,Done
2021-11-11T10:25:49.820-0500,15410,GOD-18,10081,GOD,15396,GOD-4,10256,Story,10265,To Do
2021-12-08T13:08:52.513-0500,15410,GOD-18,10081,GOD,15396,GOD-4,10256,Story,10267,Done
2021-11-22T10:42:02.607-0500,15410,GOD-18,10081,GOD,15396,GOD-4,10256,Story,10266,In Progress
2021-11-11T10:25:36.418-0500,15409,GOD-17,10081,GOD,15401,GOD-9,10256,Story,10265,To Do
2022-03-15T09:44:21.087-0400,15409,GOD-17,10081,GOD,15401,GOD-9,10256,Story,10267,Done
2022-03-08T10:04:20.403-0500,15409,GOD-17,10081,GOD,15401,GOD-9,10256,Story,10266,In Progress
2021-11-11T10:25:00.278-0500,15408,GOD-16,10081,GOD,15393,GOD-1,10256,Story,10265,To Do
2022-01-12T09:47:22.994-0500,15408,GOD-16,10081,GOD,15393,GOD-1,10256,Story,10267,Done
2021-12-23T09:32:52.892-0500,15408,GOD-16,10081,GOD,15393,GOD-1,10256,Story,10266,In Progress
2021-11-11T10:24:44.833-0500,15407,GOD-15,10081,GOD,15393,GOD-1,10256,Story,10265,To Do
2022-01-10T09:19:33.049-0500,15407,GOD-15,10081,GOD,15393,GOD-1,10256,Story,10267,Done
2021-11-15T11:36:25.827-0500,15407,GOD-15,10081,GOD,15393,GOD-1,10256,Story,10266,In Progress
2021-11-11T10:21:08.638-0500,15402,GOD-10,10081,GOD,15401,GOD-9,10256,Story,10265,To Do
2021-12-14T20:15:51.391-0500,15402,GOD-10,10081,GOD,15401,GOD-9,10256,Story,10267,Done
2021-12-10T15:19:40.913-0500,15402,GOD-10,10081,GOD,15401,GOD-9,10256,Story,10266,In Progress
2021-11-11T10:20:24.027-0500,15401,GOD-9,10081,GOD,null,null,10259,Epic,10265,To Do
2021-11-11T10:19:11.323-0500,15400,GOD-8,10081,GOD,15396,GOD-4,10256,Story,10265,To Do
2021-12-08T13:08:44.928-0500,15400,GOD-8,10081,GOD,15396,GOD-4,10256,Story,10267,Done
2021-11-11T10:18:29.772-0500,15399,GOD-7,10081,GOD,15418,GOD-26,10256,Story,10265,To Do
2022-01-24T15:30:39.960-0500,15399,GOD-7,10081,GOD,15418,GOD-26,10256,Story,10267,Done
2022-01-11T09:36:04.239-0500,15399,GOD-7,10081,GOD,15418,GOD-26,10256,Story,10266,In Progress
2021-11-11T10:17:34.341-0500,15396,GOD-4,10081,GOD,null,null,10259,Epic,10265,To Do
2022-01-05T13:49:34.359-0500,15396,GOD-4,10081,GOD,null,null,10259,Epic,10267,Done
2021-11-11T10:14:51.589-0500,15393,GOD-1,10081,GOD,null,null,10259,Epic,10265,To Do
2022-01-19T09:40:48.352-0500,15393,GOD-1,10081,GOD,null,null,10259,Epic,10267,Done
